member_reference,borrower_full_name,borrower_date_of_birth,borrower_sex,borrower_national_id,borrower_phone,loan_principal_amount,loan_term_months,disbursement_date
,Amina Hassan Mwinyi,1988-03-14,F,19880314-12345-00001-14,+255712345678,8500000.00,48,2026-08-03
,Joseph Mkenda,1975-11-02,M,,,24000000.00,60,2026-08-05
,Grace Shirima,1992-06-21,F,,+255714567890,3200000.00,24,2026-08-06
,Salum Juma Rashid,1969-01-30,M,,,45000000.00,120,2026-08-07
,Neema Kileo,1984-09-12,F,,,12750000.00,36,2026-08-10
,Emmanuel Lyimo,1990-04-05,M,,,6000000.00,30,2026-08-11
,Fatuma Abdallah,1996-12-08,F,,,2400000.00,18,2026-08-12
CL-4F8DF58B-000118,Peter Massawe,1980-07-19,M,,,30000000.00,72,2026-08-13
,Hamisi Nyerere,1958-02-11,M,,,15000000.00,240,2026-08-14
,,1991-05-23,F,,,5000000.00,36,2026-08-17
,Amina Hassan Mwinyi,1988-03-14,F,19880314-12345-00001-14,+255712345678,8500000.00,48,2026-08-03
,Zainabu Ally,1987-10-30,F,,,9000000.00,36,2026-10-15
,Mariam Said,34237,F,,,7500000.00,24,46203
